terra15s66unmdcpknuxxldd7fsr44skme966tdckq8c,Binance - Main/Withdraw - Legacy
terra18vnrzlzm2c4xfsx382pj2xndqtt00rvhu24sqe,Binance - Main/Withdraw
terra1ncjg4a59x2pgvqy9qjyqprlj8lrwshm0wleht5,Binance - Deposits
terra1rvxcszyfecrt2v3a7md8p30hvu39kj6xf48w9e,KuCoin - Main/Withdraw
terra14l46jrdgdhaw4cejukx50ndp0hss95ekt2kfmw,KuCoin - Deposits
terra1teescurtylg20tw3fu8cn2p7qe3klpk6f4s9uq,Huobi - Main
terra1ksua3uylq7t46kdumhmepywe8u3nglpku8xsk9,Bithumb - Main
terra1tmnqgvg567ypvsvk6rwsga3srp7e3lg6u0elp8,Anchor UST Overseer - Yield Reserve
terra1h5tnsa8520qlgg2gp3gw2u46qqtdf0qyhdfvpz,Spectrum - Autofarm Controller
terra1w9ky73v4g7v98zzdqpqgf3kjmusnx4d4mvnac6,Anchor - Liquidation Contract (legacy)
terra1sepfj7s0aeg5967uxnfk4thzlerrsktkpelm5s,Terra USD Market
terra1kjv0dnfww9dklsmtwj73svvm9q8hsvfl060gmw,Terra Engineer Donation
terra16wuzgsx3tz4hkqu73q5s7unxenefkkvefvewsh,Terra Punks Minter
terra160tefqutdqgrgtxg8u9rxcgx38dyffxujee7yq,Terra Punks Operator
terra1x04xgtwlw72gtfzrq7nfwmr6eexla8ecljw28z,TFL Wallet Project Dawn
terra1xw3h7jsmxvh6zse74e4099c6gl03fnmxpep76h,Prism Luna Vault
terra1rp4hguqeez6t0veag6ppz4ymj9kx44z4cfpw69,Levana Admin
terra1he8j44cv2fcntujjnsqn3ummauua555agz4js0,Pylon AnchorPool for $TWD
terra103z9cnqm8psy0nyxqtugg6m7xnwvlkqdzm4s4k,Terra Punks
terra1mtwph2juhj0rvjz7dy92gvl6xvukaxu8rfv8ts,bLuna Hub
terra1dax9mddsycvzkc429wwy494vhzhggw3d5594rt,Levana Meteor Shower
terra1e82da9n6jz4t42eh0wn5hrt6hdmf7jyq8sufkp,MARS Whale
terra1z5j60wct88yz62ylqa4t8p8239cwx9kjlghkg2,Pylon AnchorPool for $MINE
terra1t28h4fg8gjpggvq985d2zz569qj8hpxnsxcx93,Upbit
terra1rtn03a9l3qsc0a9verxwj00afs93mlm0yr7chk,Terra Bridge (Shuttle) - Harmony
terra1ysfy3ws89c3zfspwpeuzxwv2nuhhm89yzup6hl,Terra Punks Owner
terra1u2ynhr2y9ame80vf5nll0hmqkldkmrrq624r6m,Coinex
terra1gr0xesnseevzt3h4nxr64sh5gk4dwrwgszx3nw,LFG Wallet
terra1u4kjc9nej0ft9wgpl65fpjs2367ku3gh2g9pka,Moonpay
terra1ec3r2esp9cqekqqvn0wd6nwrjslnwxm7fh8egy,WhiteWhale UST Arb
terra15cy5ef4e5mtxtjrjemkhlf2jjal7zmzug45vy8,Apollo DAO Strategy I
terra13yxhrk08qvdf5zdc9ss5mwsg5sf7zva9xrgwgc,Terra Bridge (Shuttle) - Ethereum
terra14v8aeq4289fk7z08jvaw3qu3hers6whrdkqffp,Spectrum Warchest DAO
terra1g6llg3zed35nd3mh9zx6n64tfw3z67w2c48tn2,Terra Bridge (Shuttle) - Binance Smart Chain (BSC)
terra1l72xv27ez68v0swe9ha29txxgcple89dugyhre,Prism Whale 2
terra1hckhegjy544etz7l883e3psken44kna0w3dx2g,ThorBridge
terra15ajdr0yxwntlrex7t7he0es9gkku60fle9vak0,Prism Whale 1
terra1dp0taj85ruc299rkdvzp4z5pfg6z6swaed74e6,TFL Wallet
terra1zd4p46gr33yxv72lfwnty2z6v3slp2chws4706,Pylon AnchorPool for $TWD (Beneficiary)
terra17xpfvakm2amg962yls6f84z3kell8c5lkaeqfa,Terra Fee Collector
terra1suygcd3r636scvclqm08euwaemdrmrwxl06z0v,Danku-R Donations
terra1hxrd8pnqytqpelape3aemprw3a023wryw7p0xn,Apollo DAO Warchest